{
  "duration_s": 1800,
  "n_samples": 1778,
  "per_ue": {
    "ue1": {
      "rsrp": {
        "mean": 60.0,
        "std": 0.0,
        "n": 1778
      },
      "dl_snr": {
        "mean": 141.0,
        "std": 0.0,
        "n": 1778
      },
      "dl_bler": {
        "mean": 0.0,
        "std": 0.0,
        "n": 1778
      },
      "ul_bler": {
        "mean": 0.009561304836895388,
        "std": 0.4031652046335616,
        "n": 1778
      },
      "dl_mcs": {
        "mean": 19.921259842519685,
        "std": 1.2527912286823133,
        "n": 1778
      },
      "ul_mcs": {
        "mean": 15.143982002249718,
        "std": 0.9983499632318394,
        "n": 1778
      },
      "dl_brate": {
        "mean": 814.6494610224972,
        "std": 106.15694493596463,
        "n": 1778
      },
      "ul_brate": {
        "mean": 4589.98996225928,
        "std": 632.6893789538823,
        "n": 1778
      },
      "backlog": {
        "mean": 34339.70753655793,
        "std": 29790.528396314778,
        "n": 1778
      },
      "dl_bler_nonzero_fraction": 0.0,
      "late_dropped_total_over_run": 1704960
    },
    "ue2": {
      "rsrp": {
        "mean": 60.0,
        "std": 0.0,
        "n": 1778
      },
      "dl_snr": {
        "mean": 141.0,
        "std": 0.0,
        "n": 1778
      },
      "dl_bler": {
        "mean": 0.0,
        "std": 0.0,
        "n": 1778
      },
      "ul_bler": {
        "mean": 0.0,
        "std": 0.0,
        "n": 1778
      },
      "dl_mcs": {
        "mean": 19.921259842519685,
        "std": 1.2527912286823133,
        "n": 1778
      },
      "ul_mcs": {
        "mean": 14.970753655793025,
        "std": 0.7458303489767847,
        "n": 1778
      },
      "dl_brate": {
        "mean": 813.4094716805399,
        "std": 79.37704518115854,
        "n": 1778
      },
      "ul_brate": {
        "mean": 4588.711249515748,
        "std": 420.3605456626567,
        "n": 1778
      },
      "backlog": {
        "mean": 26292.553430821146,
        "std": 28885.46667699309,
        "n": 1778
      },
      "dl_bler_nonzero_fraction": 0.0,
      "late_dropped_total_over_run": 1935360
    },
    "ue3": {
      "rsrp": {
        "mean": 60.0,
        "std": 0.0,
        "n": 1778
      },
      "dl_snr": {
        "mean": 141.0,
        "std": 0.0,
        "n": 1778
      },
      "dl_bler": {
        "mean": 0.0,
        "std": 0.0,
        "n": 1778
      },
      "ul_bler": {
        "mean": 0.0,
        "std": 0.0,
        "n": 1778
      },
      "dl_mcs": {
        "mean": 19.943757030371202,
        "std": 1.0593995238693092,
        "n": 1778
      },
      "ul_mcs": {
        "mean": 14.960629921259843,
        "std": 0.6536526066318024,
        "n": 1778
      },
      "dl_brate": {
        "mean": 814.4092319336334,
        "std": 95.50953956243438,
        "n": 1778
      },
      "ul_brate": {
        "mean": 4594.740303613611,
        "std": 522.0042244143825,
        "n": 1778
      },
      "backlog": {
        "mean": 12368.773903262092,
        "std": 21426.570779191825,
        "n": 1778
      },
      "dl_bler_nonzero_fraction": 0.0,
      "late_dropped_total_over_run": 1612800
    }
  }
}