{
  "duration_s": 120,
  "n_samples": 119,
  "per_ue": {
    "ue1": {
      "rsrp": {
        "mean": 60.0,
        "std": 0.0,
        "n": 119
      },
      "dl_snr": {
        "mean": 141.0,
        "std": 0.0,
        "n": 119
      },
      "dl_bler": {
        "mean": 0.0,
        "std": 0.0,
        "n": 119
      },
      "ul_bler": {
        "mean": 0.0,
        "std": 0.0,
        "n": 119
      },
      "dl_mcs": {
        "mean": 20.0,
        "std": 0.0,
        "n": 119
      },
      "ul_mcs": {
        "mean": 15.033613445378151,
        "std": 0.2581805014773841,
        "n": 119
      },
      "dl_brate": {
        "mean": 815.9367275714286,
        "std": 57.04620888351648,
        "n": 119
      },
      "ul_brate": {
        "mean": 4599.727502168067,
        "std": 322.2133751325525,
        "n": 119
      },
      "backlog": {
        "mean": 36496.13445378151,
        "std": 24612.75530926947,
        "n": 119
      },
      "dl_bler_nonzero_fraction": 0.0,
      "late_dropped_total_over_run": 80640
    },
    "ue2": {
      "rsrp": {
        "mean": 60.0,
        "std": 0.0,
        "n": 119
      },
      "dl_snr": {
        "mean": 141.0,
        "std": 0.0,
        "n": 119
      },
      "dl_bler": {
        "mean": 0.0,
        "std": 0.0,
        "n": 119
      },
      "ul_bler": {
        "mean": 0.0,
        "std": 0.0,
        "n": 119
      },
      "dl_mcs": {
        "mean": 19.49579831932773,
        "std": 3.1485104080324517,
        "n": 119
      },
      "ul_mcs": {
        "mean": 14.554621848739496,
        "std": 1.357324630440317,
        "n": 119
      },
      "dl_brate": {
        "mean": 810.151649277311,
        "std": 186.12541839409144,
        "n": 119
      },
      "ul_brate": {
        "mean": 4563.41761997479,
        "std": 770.0206482644909,
        "n": 119
      },
      "backlog": {
        "mean": 18974.117647058825,
        "std": 23694.007874829505,
        "n": 119
      },
      "dl_bler_nonzero_fraction": 0.0,
      "late_dropped_total_over_run": 172800
    },
    "ue3": {
      "rsrp": {
        "mean": 60.0,
        "std": 0.0,
        "n": 119
      },
      "dl_snr": {
        "mean": 141.0,
        "std": 0.0,
        "n": 119
      },
      "dl_bler": {
        "mean": 0.0,
        "std": 0.0,
        "n": 119
      },
      "ul_bler": {
        "mean": 0.0,
        "std": 0.0,
        "n": 119
      },
      "dl_mcs": {
        "mean": 18.65546218487395,
        "std": 3.00405650827574,
        "n": 119
      },
      "ul_mcs": {
        "mean": 15.369747899159664,
        "std": 0.7796734020554169,
        "n": 119
      },
      "dl_brate": {
        "mean": 814.7977223109243,
        "std": 34.714552709890434,
        "n": 119
      },
      "ul_brate": {
        "mean": 4571.8635151260505,
        "std": 205.01662770180616,
        "n": 119
      },
      "backlog": {
        "mean": 6582.857142857143,
        "std": 16873.078001926024,
        "n": 119
      },
      "dl_bler_nonzero_fraction": 0.0,
      "late_dropped_total_over_run": 0
    }
  }
}